rna,badBondsCategory,badAnglesCategory,rankCategory
00001_cppc_0000014.pdb,Warning,Caution,Warning
00001_cppc_0000574.pdb,Warning,Caution,Warning
00031_cpr7p_0017255.pdb,Warning,Good,Warning
00043_cpr7p_0028786.pdb,Warning,Good,Warning
00391_r1feb2024_0031575.pdb,Good,Caution,Good
00400_r1feb2024_0040414.pdb,Good,Caution,Good
00407_r1feb2024_0047668.pdb,Good,Caution,Good
00386_r1feb2024_0027004.pdb,Good,Warning,Good
00002_cppc_0001941.pdb,Warning,Good,Warning
00419_r1feb2024_0059345.pdb,Good,Caution,Good
00382_r1feb2024_0022719.pdb,Good,Caution,Good
00018_cpr7p_0004386.pdb,Warning,Good,Warning
00399_r1feb2024_0040129.pdb,Good,Caution,Good
00419_r1feb2024_0059302.pdb,Good,Caution,Good
00418_r1feb2024_0058779.pdb,Good,Caution,Good
00425_r1feb2024_0065682.pdb,Good,Caution,Good
00418_r1feb2024_0058702.pdb,Good,Warning,Good
00383_r1feb2024_0023272.pdb,Good,Caution,Good
00366_r1feb2024_0006425.pdb,Good,Caution,Good
00376_r1feb2024_0017141.pdb,Good,Caution,Good
00397_r1feb2024_0037829.pdb,Good,Caution,Good
00399_r1feb2024_0040123.pdb,Good,Caution,Good
00369_r1feb2024_0009212.pdb,Good,Caution,Good
00380_r1feb2024_0020956.pdb,Good,Caution,Good
00382_r1feb2024_0022819.pdb,Good,Caution,Good
00394_r1feb2024_0034271.pdb,Good,Caution,Good
00381_r1feb2024_0021526.pdb,Good,Caution,Good
00425_r1feb2024_0065944.pdb,Good,Caution,Good
00401_r1feb2024_0041714.pdb,Good,Warning,Good
00192_dnfs_0141620.pdb,Warning,Warning,Warning
00394_r1feb2024_0034798.pdb,Good,Caution,Good
00361_r1feb2024_0002041.pdb,Good,Caution,Good
00428_r1feb2024_0068220.pdb,Good,Warning,Good
00380_r1feb2024_0020323.pdb,Good,Caution,Good
00401_r1feb2024_0042077.pdb,Good,Caution,Good
00011_cppc_0010129.pdb,Warning,Good,Warning
00050_cpr7p_0036433.pdb,Warning,Caution,Warning
00047_cpr7p_0032709.pdb,Warning,Good,Warning
00029_cpr7p_0015337.pdb,Warning,Good,Warning
00415_r1feb2024_0055546.pdb,Good,Caution,Good
00403_r1feb2024_0043555.pdb,Good,Caution,Good
00397_r1feb2024_0037497.pdb,Good,Caution,Good
00390_r1feb2024_0030263.pdb,Good,Caution,Good
00373_r1feb2024_0013812.pdb,Good,Caution,Good
00371_r1feb2024_0011777.pdb,Good,Warning,Good
00371_r1feb2024_0011515.pdb,Good,Caution,Good
00402_r1feb2024_0042477.pdb,Good,Caution,Good
00028_cpr7p_0014150.pdb,Warning,Good,Warning
00029_cpr7p_0015274.pdb,Warning,Good,Good
00371_r1feb2024_0011358.pdb,Good,Warning,Good
00019_cpr7p_0005132.pdb,Warning,Caution,Warning
00418_r1feb2024_0058820.pdb,Good,Caution,Good
00048_cpr7p_0033949.pdb,Warning,Good,Warning
00368_r1feb2024_0009100.pdb,Good,Caution,Good
00418_r1feb2024_0058977.pdb,Good,Caution,Good
00032_cpr7p_0018446.pdb,Warning,Caution,Warning
00389_r1feb2024_0030000.pdb,Good,Caution,Good
00044_cpr7p_0030342.pdb,Warning,Good,Warning
00032_cpr7p_0017600.pdb,Warning,Good,Warning
00413_r1feb2024_0053518.pdb,Good,Caution,Good
00380_r1feb2024_0020626.pdb,Good,Caution,Good
00387_r1feb2024_0028114.pdb,Good,Caution,Good
00365_r1feb2024_0005488.pdb,Good,Caution,Good
00397_r1feb2024_0037363.pdb,Good,Caution,Good
00418_r1feb2024_0059021.pdb,Good,Warning,Good
00418_r1feb2024_0058257.pdb,Good,Caution,Good
00418_r1feb2024_0058853.pdb,Good,Caution,Good
00385_r1feb2024_0025761.pdb,Good,Caution,Good
00026_cpr7p_0012459.pdb,Warning,Good,Warning
00371_r1feb2024_0011716.pdb,Good,Warning,Good
00402_r1feb2024_0042662.pdb,Good,Caution,Good
00418_r1feb2024_0058737.pdb,Good,Warning,Good
00028_cpr7p_0014456.pdb,Warning,Caution,Good
00388_r1feb2024_0028359.pdb,Good,Caution,Good
00419_r1feb2024_0059513.pdb,Good,Caution,Good
00417_r1feb2024_0058050.pdb,Good,Warning,Good
00370_r1feb2024_0010471.pdb,Good,Caution,Good
00388_r1feb2024_0028977.pdb,Good,Caution,Good
00049_cpr7p_0034999.pdb,Warning,Caution,Good
00402_r1feb2024_0042930.pdb,Good,Caution,Good
00371_r1feb2024_0011817.pdb,Good,Warning,Good
00418_r1feb2024_0058485.pdb,Good,Caution,Good
00400_r1feb2024_0040733.pdb,Good,Caution,Good
00003_cppc_0002211.pdb,Warning,Good,Warning
00418_r1feb2024_0058921.pdb,Good,Caution,Good
00013_cppc_0012525.pdb,Warning,Good,Warning
00014_cpr7p_0000382.pdb,Warning,Good,Warning
00419_r1feb2024_0059988.pdb,Good,Caution,Good
00003_cppc_0002441.pdb,Warning,Good,Warning
00418_r1feb2024_0058243.pdb,Good,Caution,Good
00428_r1feb2024_0068733.pdb,Good,Caution,Good
00418_r1feb2024_0058851.pdb,Good,Caution,Good
00365_r1feb2024_0005916.pdb,Good,Warning,Good
00388_r1feb2024_0028856.pdb,Good,Caution,Good
00369_r1feb2024_0010166.pdb,Good,Caution,Good
00417_r1feb2024_0057494.pdb,Good,Caution,Good
00409_r1feb2024_0049683.pdb,Good,Caution,Good
00006_cppc_0005528.pdb,Warning,Caution,Warning
00422_r1feb2024_0062958.pdb,Good,Caution,Good
00391_r1feb2024_0031846.pdb,Good,Caution,Good
00417_r1feb2024_0057963.pdb,Good,Caution,Good
00003_cppc_0002687.pdb,Warning,Good,Warning
00381_r1feb2024_0021319.pdb,Good,Caution,Good
00409_r1feb2024_0049280.pdb,Good,Warning,Good
00040_cpr7p_0025701.pdb,Warning,Good,Warning
00404_r1feb2024_0044855.pdb,Good,Caution,Good
00404_r1feb2024_0044601.pdb,Good,Caution,Good
00024_cpr7p_0010100.pdb,Warning,Good,Warning
00045_cpr7p_0031326.pdb,Warning,Caution,Warning
00042_cpr7p_0028287.pdb,Warning,Caution,Warning
00044_cpr7p_0030409.pdb,Warning,Caution,Warning
00416_r1feb2024_0056622.pdb,Good,Caution,Good
00398_r1feb2024_0038728.pdb,Good,Caution,Good
00102_dnfs_0051595.pdb,Warning,Warning,Warning
00397_r1feb2024_0037440.pdb,Good,Caution,Good
00036_cpr7p_0022297.pdb,Warning,Good,Warning
00419_r1feb2024_0059453.pdb,Good,Caution,Good
00425_r1feb2024_0065790.pdb,Good,Caution,Good
00399_r1feb2024_0040110.pdb,Good,Caution,Good
00237_dnfs_0186284.pdb,Warning,Warning,Warning
00041_cpr7p_0027422.pdb,Warning,Good,Good
00044_cpr7p_0029767.pdb,Warning,Good,Warning
00416_r1feb2024_0057066.pdb,Good,Caution,Good
00022_cpr7p_0008523.pdb,Warning,Caution,Warning
00418_r1feb2024_0058936.pdb,Good,Warning,Good
00403_r1feb2024_0043576.pdb,Good,Caution,Good
00040_cpr7p_0026324.pdb,Warning,Good,Warning
00400_r1feb2024_0040218.pdb,Good,Caution,Good
00370_r1feb2024_0010776.pdb,Good,Caution,Good
00394_r1feb2024_0034574.pdb,Good,Caution,Good
00414_r1feb2024_0055048.pdb,Good,Caution,Good
00370_r1feb2024_0011048.pdb,Good,Caution,Good
00418_r1feb2024_0058470.pdb,Good,Caution,Good
00016_cpr7p_0002092.pdb,Warning,Good,Warning
00373_r1feb2024_0013254.pdb,Good,Caution,Good
00417_r1feb2024_0058014.pdb,Good,Caution,Good
00418_r1feb2024_0058647.pdb,Good,Caution,Good
00038_cpr7p_0024212.pdb,Warning,Good,Warning
00418_r1feb2024_0058249.pdb,Good,Caution,Good
00386_r1feb2024_0026443.pdb,Good,Caution,Good
00358_okr6d_0000520.pdb,Warning,Warning,Warning
00427_r1feb2024_0068091.pdb,Good,Caution,Good
00419_r1feb2024_0059739.pdb,Good,Caution,Good
00424_r1feb2024_0064199.pdb,Good,Caution,Good
00422_r1feb2024_0062315.pdb,Good,Caution,Good
00026_cpr7p_0012481.pdb,Warning,Caution,Warning
00404_r1feb2024_0044255.pdb,Good,Caution,Good
00045_cpr7p_0031428.pdb,Warning,Good,Warning
00009_cppc_0008577.pdb,Warning,Good,Warning
00418_r1feb2024_0058389.pdb,Good,Caution,Good
00387_r1feb2024_0027521.pdb,Good,Caution,Good
00018_cpr7p_0004444.pdb,Warning,Good,Warning
00039_cpr7p_0024927.pdb,Warning,Good,Caution
00387_r1feb2024_0028002.pdb,Good,Caution,Good
00425_r1feb2024_0065803.pdb,Good,Caution,Good
00367_r1feb2024_0007492.pdb,Good,Caution,Good
00028_cpr7p_0014526.pdb,Warning,Good,Warning
00381_r1feb2024_0021930.pdb,Good,Warning,Good
00017_cpr7p_0002748.pdb,Warning,Good,Caution
00036_cpr7p_0022465.pdb,Warning,Good,Warning
00371_r1feb2024_0011265.pdb,Good,Caution,Good
00031_cpr7p_0016613.pdb,Warning,Good,Warning
00418_r1feb2024_0058956.pdb,Good,Caution,Good
00362_r1feb2024_0002341.pdb,Good,Caution,Good
00357_okr6d_0000055.pdb,Caution,Warning,Warning
00390_r1feb2024_0031162.pdb,Good,Caution,Good
00412_r1feb2024_0052273.pdb,Warning,Warning,Good
00004_cppc_0003324.pdb,Warning,Good,Warning
00011_cppc_0010292.pdb,Warning,Good,Warning
00040_cpr7p_0026198.pdb,Warning,Good,Caution
00422_r1feb2024_0062412.pdb,Good,Caution,Good
00419_r1feb2024_0059469.pdb,Good,Caution,Good
00015_cpr7p_0000850.pdb,Warning,Good,Warning
00388_r1feb2024_0028913.pdb,Good,Caution,Good
00394_r1feb2024_0034801.pdb,Good,Caution,Good
00418_r1feb2024_0058200.pdb,Good,Caution,Good
00009_cppc_0008773.pdb,Warning,Good,Warning
00418_r1feb2024_0058287.pdb,Good,Caution,Good
00032_cpr7p_0017850.pdb,Warning,Good,Warning
00387_r1feb2024_0027861.pdb,Good,Warning,Good
00386_r1feb2024_0026451.pdb,Good,Caution,Good
00382_r1feb2024_0022984.pdb,Good,Caution,Good
00371_r1feb2024_0011433.pdb,Good,Caution,Good
00371_r1feb2024_0011428.pdb,Good,Warning,Good
00357_okr6d_0000358.pdb,Warning,Warning,Warning
00371_r1feb2024_0011715.pdb,Good,Caution,Good
00375_r1feb2024_0015497.pdb,Warning,Warning,Good
00169_dnfs_0118456.pdb,Warning,Warning,Warning
00371_r1feb2024_0011499.pdb,Good,Caution,Good
00418_r1feb2024_0058976.pdb,Good,Warning,Good
00050_cpr7p_0035917.pdb,Warning,Caution,Warning
00428_r1feb2024_0068385.pdb,Good,Caution,Good
00358_okr6d_0000574.pdb,Warning,Warning,Warning
00357_okr6d_0000027.pdb,Caution,Warning,Warning
00371_r1feb2024_0011344.pdb,Good,Caution,Good
00388_r1feb2024_0028710.pdb,Good,Caution,Good
00027_cpr7p_0012664.pdb,Warning,Good,Good
00402_r1feb2024_0042266.pdb,Good,Caution,Good
00031_cpr7p_0017281.pdb,Warning,Good,Warning
00400_r1feb2024_0040240.pdb,Good,Caution,Good
00370_r1feb2024_0011131.pdb,Good,Caution,Good
00362_r1feb2024_0002514.pdb,Good,Caution,Good
00028_cpr7p_0013649.pdb,Warning,Good,Warning
00375_r1feb2024_0015891.pdb,Good,Caution,Good
00018_cpr7p_0003904.pdb,Warning,Good,Warning
00333_dnfs_0282442.pdb,Warning,Warning,Warning
00400_r1feb2024_0041134.pdb,Good,Caution,Good
00025_cpr7p_0011483.pdb,Warning,Good,Warning
00369_r1feb2024_0009965.pdb,Good,Caution,Good
00388_r1feb2024_0028624.pdb,Good,Caution,Good
00391_r1feb2024_0032060.pdb,Good,Caution,Good
00370_r1feb2024_0011125.pdb,Good,Caution,Good
00046_cpr7p_0031617.pdb,Warning,Good,Good
00048_cpr7p_0033724.pdb,Warning,Caution,Warning
00416_r1feb2024_0056977.pdb,Good,Caution,Good
00401_r1feb2024_0041830.pdb,Good,Caution,Good
00419_r1feb2024_0059474.pdb,Good,Caution,Good
00358_okr6d_0000560.pdb,Warning,Warning,Warning
00367_r1feb2024_0007986.pdb,Good,Caution,Good
00357_okr6d_0000116.pdb,Caution,Warning,Warning
00417_r1feb2024_0057720.pdb,Good,Caution,Good
00035_cpr7p_0020852.pdb,Warning,Caution,Warning
00371_r1feb2024_0011854.pdb,Good,Caution,Good
00397_r1feb2024_0037882.pdb,Good,Caution,Good
00419_r1feb2024_0059503.pdb,Good,Caution,Good
00017_cpr7p_0003469.pdb,Warning,Caution,Warning
00428_r1feb2024_0068609.pdb,Good,Caution,Good
00365_r1feb2024_0005319.pdb,Good,Caution,Good
00400_r1feb2024_0040232.pdb,Good,Caution,Good
00366_r1feb2024_0006942.pdb,Good,Warning,Good
00418_r1feb2024_0058222.pdb,Good,Caution,Good
00011_cppc_0010646.pdb,Warning,Good,Warning
00387_r1feb2024_0027776.pdb,Good,Caution,Good
00028_cpr7p_0014454.pdb,Warning,Good,Warning
00400_r1feb2024_0040226.pdb,Good,Caution,Good
00418_r1feb2024_0058290.pdb,Good,Caution,Good
00418_r1feb2024_0058180.pdb,Good,Warning,Good
00410_r1feb2024_0050558.pdb,Good,Caution,Good
00022_cpr7p_0008234.pdb,Warning,Good,Warning
00358_okr6d_0000505.pdb,Warning,Warning,Warning
00418_r1feb2024_0058186.pdb,Good,Caution,Good
00369_r1feb2024_0010110.pdb,Good,Caution,Good
00418_r1feb2024_0058533.pdb,Good,Caution,Good
00004_cppc_0003971.pdb,Warning,Good,Warning
00418_r1feb2024_0058780.pdb,Good,Warning,Good
00385_r1feb2024_0026044.pdb,Good,Caution,Good
00403_r1feb2024_0043198.pdb,Good,Caution,Good
00011_cppc_0010993.pdb,Warning,Good,Warning
00382_r1feb2024_0022452.pdb,Good,Caution,Good
00371_r1feb2024_0011694.pdb,Good,Caution,Good
00397_r1feb2024_0037536.pdb,Good,Caution,Good
00416_r1feb2024_0056575.pdb,Good,Caution,Good
00044_cpr7p_0030004.pdb,Warning,Good,Warning
00418_r1feb2024_0058322.pdb,Good,Caution,Good
00015_cpr7p_0000719.pdb,Warning,Good,Warning
00394_r1feb2024_0034243.pdb,Good,Caution,Good
00047_cpr7p_0033555.pdb,Warning,Good,Warning
00357_okr6d_0000090.pdb,Warning,Caution,Warning
00388_r1feb2024_0028535.pdb,Good,Warning,Good
00014_cppc_0013171.pdb,Warning,Good,Warning
00013_cppc_0012398.pdb,Warning,Good,Warning
00388_r1feb2024_0028962.pdb,Good,Caution,Good
00425_r1feb2024_0065367.pdb,Good,Caution,Good
00029_cpr7p_0015565.pdb,Warning,Good,Warning
00386_r1feb2024_0026889.pdb,Good,Warning,Good
00418_r1feb2024_0058209.pdb,Good,Warning,Good
00408_r1feb2024_0048842.pdb,Good,Caution,Good
00387_r1feb2024_0028051.pdb,Good,Warning,Good
00417_r1feb2024_0058072.pdb,Good,Caution,Good
00386_r1feb2024_0026930.pdb,Good,Caution,Good
00420_r1feb2024_0060299.pdb,Good,Caution,Good
00406_r1feb2024_0046853.pdb,Good,Caution,Good
00251_dnfs_0200792.pdb,Warning,Warning,Warning
00418_r1feb2024_0058508.pdb,Good,Caution,Good
00049_cpr7p_0035436.pdb,Warning,Good,Warning
00357_okr6d_0000149.pdb,Warning,Caution,Warning
00412_r1feb2024_0052515.pdb,Warning,Warning,Good
00003_cppc_0002185.pdb,Warning,Good,Warning
00418_r1feb2024_0058594.pdb,Good,Caution,Good
00400_r1feb2024_0040875.pdb,Good,Caution,Good
00418_r1feb2024_0058663.pdb,Good,Caution,Good
00357_okr6d_0000152.pdb,Caution,Warning,Warning
00418_r1feb2024_0058776.pdb,Good,Caution,Good
00414_r1feb2024_0054259.pdb,Good,Caution,Good
00361_r1feb2024_0001391.pdb,Warning,Warning,Good
00010_cppc_0009704.pdb,Warning,Good,Caution
00365_r1feb2024_0005738.pdb,Good,Caution,Good
00006_cppc_0005692.pdb,Warning,Good,Warning
00002_cppc_0001845.pdb,Warning,Good,Warning
00402_r1feb2024_0042684.pdb,Good,Caution,Good
00388_r1feb2024_0028331.pdb,Good,Warning,Good
00347_dnfs_0296723.pdb,Warning,Warning,Warning
00419_r1feb2024_0059987.pdb,Good,Caution,Good
00388_r1feb2024_0028430.pdb,Good,Caution,Good
00050_cpr7p_0036179.pdb,Warning,Good,Warning
00019_cpr7p_0005402.pdb,Warning,Good,Warning
00418_r1feb2024_0059004.pdb,Good,Warning,Good
00315_dnfs_0263962.pdb,Warning,Warning,Warning
00020_cpr7p_0006449.pdb,Warning,Good,Warning
00041_cpr7p_0027207.pdb,Warning,Good,Warning
00418_r1feb2024_0058657.pdb,Good,Caution,Good
00007_cppc_0006267.pdb,Warning,Good,Warning
00405_r1feb2024_0045434.pdb,Good,Caution,Good
00388_r1feb2024_0028618.pdb,Good,Warning,Good
00362_r1feb2024_0002569.pdb,Good,Caution,Good
00047_cpr7p_0033389.pdb,Warning,Caution,Warning
00390_r1feb2024_0030717.pdb,Good,Caution,Good
00400_r1feb2024_0040290.pdb,Good,Caution,Good
00411_r1feb2024_0052105.pdb,Good,Caution,Good
00046_cpr7p_0032049.pdb,Warning,Good,Warning
00418_r1feb2024_0058640.pdb,Good,Caution,Good
00410_r1feb2024_0051006.pdb,Good,Caution,Good
00022_cpr7p_0007642.pdb,Warning,Good,Warning
00045_cpr7p_0030769.pdb,Warning,Good,Warning
00370_r1feb2024_0010281.pdb,Good,Caution,Good
00039_cpr7p_0025033.pdb,Warning,Good,Warning
00408_r1feb2024_0048538.pdb,Good,Caution,Good
00413_r1feb2024_0053846.pdb,Good,Caution,Good
00408_r1feb2024_0048637.pdb,Good,Caution,Good
00417_r1feb2024_0058175.pdb,Good,Caution,Good
00418_r1feb2024_0058365.pdb,Good,Caution,Good
00044_cpr7p_0030348.pdb,Warning,Caution,Warning
00418_r1feb2024_0058874.pdb,Good,Caution,Good
00370_r1feb2024_0010902.pdb,Good,Caution,Good
00386_r1feb2024_0027026.pdb,Good,Caution,Good
00418_r1feb2024_0058691.pdb,Good,Caution,Good
00032_cpr7p_0018218.pdb,Warning,Caution,Warning
00048_cpr7p_0033687.pdb,Warning,Good,Warning
00418_r1feb2024_0058199.pdb,Good,Warning,Good
00017_cpr7p_0002909.pdb,Warning,Good,Caution
00421_r1feb2024_0061663.pdb,Good,Caution,Good
00371_r1feb2024_0011379.pdb,Good,Caution,Good
00021_cpr7p_0007128.pdb,Warning,Caution,Caution
00047_cpr7p_0032836.pdb,Warning,Caution,Warning
00386_r1feb2024_0026854.pdb,Good,Caution,Good
00402_r1feb2024_0042515.pdb,Good,Caution,Good
00037_cpr7p_0023228.pdb,Warning,Caution,Warning
00400_r1feb2024_0041045.pdb,Warning,Warning,Good
00358_okr6d_0000564.pdb,Warning,Warning,Warning
00035_cpr7p_0021375.pdb,Warning,Good,Warning
00043_cpr7p_0029427.pdb,Warning,Caution,Warning
00358_okr6d_0000602.pdb,Warning,Warning,Warning
00002_cppc_0001589.pdb,Warning,Good,Warning
00040_cpr7p_0026412.pdb,Caution,Good,Warning
00401_r1feb2024_0041850.pdb,Good,Caution,Good
00416_r1feb2024_0056395.pdb,Good,Caution,Good
00401_r1feb2024_0041209.pdb,Good,Caution,Good
00006_cppc_0005695.pdb,Warning,Good,Warning
00042_cpr7p_0028473.pdb,Warning,Good,Warning
00395_r1feb2024_0035810.pdb,Good,Caution,Good
00361_r1feb2024_0001623.pdb,Good,Warning,Good
00036_cpr7p_0021998.pdb,Warning,Good,Caution
00003_cppc_0002446.pdb,Warning,Good,Warning
00419_r1feb2024_0059890.pdb,Good,Caution,Good
00370_r1feb2024_0010773.pdb,Good,Caution,Good
00382_r1feb2024_0022391.pdb,Good,Caution,Good
00418_r1feb2024_0058327.pdb,Good,Warning,Good
00388_r1feb2024_0028200.pdb,Good,Warning,Good
00387_r1feb2024_0027290.pdb,Good,Caution,Good
00038_cpr7p_0024019.pdb,Warning,Good,Warning
00369_r1feb2024_0009561.pdb,Good,Caution,Good
00018_cpr7p_0003599.pdb,Warning,Good,Warning
00357_okr6d_0000347.pdb,Warning,Warning,Warning
00421_r1feb2024_0062096.pdb,Good,Caution,Good
00398_r1feb2024_0038669.pdb,Good,Caution,Good
00357_okr6d_0000033.pdb,Caution,Warning,Warning
00417_r1feb2024_0058144.pdb,Good,Caution,Good
00371_r1feb2024_0011595.pdb,Good,Caution,Good
00382_r1feb2024_0022931.pdb,Good,Caution,Good
00090_dnfs_0039290.pdb,Warning,Warning,Warning
00401_r1feb2024_0041755.pdb,Good,Caution,Good
00019_cpr7p_0005247.pdb,Warning,Good,Caution
00012_cppc_0011670.pdb,Warning,Good,Warning
00383_r1feb2024_0023694.pdb,Good,Warning,Good
00362_r1feb2024_0002459.pdb,Good,Caution,Good
00425_r1feb2024_0065879.pdb,Good,Caution,Good
00037_cpr7p_0022630.pdb,Warning,Good,Warning
00041_cpr7p_0026578.pdb,Warning,Good,Caution
00357_okr6d_0000164.pdb,Caution,Warning,Warning
00042_cpr7p_0028123.pdb,Warning,Good,Warning
00395_r1feb2024_0035980.pdb,Good,Caution,Good
00370_r1feb2024_0011136.pdb,Good,Caution,Good
00419_r1feb2024_0059964.pdb,Good,Caution,Good
00039_cpr7p_0024958.pdb,Warning,Caution,Warning
00030_cpr7p_0015740.pdb,Warning,Caution,Warning
00388_r1feb2024_0029017.pdb,Good,Caution,Good
00394_r1feb2024_0034306.pdb,Good,Caution,Good
00038_cpr7p_0024525.pdb,Warning,Good,Warning
00426_r1feb2024_0066928.pdb,Good,Caution,Good
00047_cpr7p_0032799.pdb,Warning,Good,Caution
00035_cpr7p_0020844.pdb,Warning,Good,Warning
00418_r1feb2024_0059057.pdb,Good,Caution,Good
00419_r1feb2024_0059770.pdb,Good,Caution,Good
00394_r1feb2024_0034258.pdb,Good,Caution,Good
00382_r1feb2024_0022472.pdb,Good,Caution,Good
00028_cpr7p_0014295.pdb,Warning,Good,Good
00418_r1feb2024_0058467.pdb,Good,Caution,Good
00385_r1feb2024_0025507.pdb,Good,Caution,Good
00418_r1feb2024_0058264.pdb,Good,Caution,Good
00001_cppc_0000964.pdb,Warning,Good,Warning
00418_r1feb2024_0058347.pdb,Good,Caution,Good
00371_r1feb2024_0011910.pdb,Good,Warning,Good
00012_cppc_0011877.pdb,Warning,Good,Warning
00381_r1feb2024_0021543.pdb,Good,Warning,Good
00418_r1feb2024_0058501.pdb,Good,Caution,Good
00425_r1feb2024_0065663.pdb,Good,Warning,Good
00367_r1feb2024_0007432.pdb,Good,Caution,Good
00397_r1feb2024_0037868.pdb,Good,Caution,Good
00409_r1feb2024_0049960.pdb,Good,Caution,Good
00419_r1feb2024_0059444.pdb,Good,Caution,Good
00379_r1feb2024_0019391.pdb,Good,Caution,Good
00034_cpr7p_0019784.pdb,Warning,Good,Warning
00417_r1feb2024_0057218.pdb,Good,Caution,Good
00417_r1feb2024_0058131.pdb,Good,Warning,Good
00404_r1feb2024_0044303.pdb,Good,Caution,Good
00415_r1feb2024_0056084.pdb,Good,Caution,Good
00006_cppc_0005696.pdb,Warning,Good,Warning
00032_cpr7p_0018248.pdb,Warning,Caution,Warning
00206_dnfs_0155236.pdb,Warning,Warning,Warning
00388_r1feb2024_0028315.pdb,Good,Caution,Good
00402_r1feb2024_0042414.pdb,Good,Caution,Good
00419_r1feb2024_0059866.pdb,Good,Caution,Good
00188_dnfs_0137326.pdb,Warning,Warning,Warning
00401_r1feb2024_0041309.pdb,Good,Caution,Good
00388_r1feb2024_0028447.pdb,Good,Warning,Good
00002_cppc_0001162.pdb,Warning,Good,Warning
00386_r1feb2024_0026829.pdb,Good,Caution,Good
00436_r1feb2024_0076338.pdb,Good,Caution,Good
00370_r1feb2024_0010828.pdb,Warning,Warning,Caution
00412_r1feb2024_0052522.pdb,Warning,Warning,Good
00418_r1feb2024_0058634.pdb,Good,Caution,Good
00003_cppc_0002555.pdb,Warning,Good,Warning
00394_r1feb2024_0034260.pdb,Good,Caution,Good
00402_r1feb2024_0042620.pdb,Good,Caution,Good
00036_cpr7p_0022550.pdb,Warning,Good,Warning
00026_cpr7p_0012228.pdb,Warning,Good,Warning
00403_r1feb2024_0043604.pdb,Good,Caution,Good
00010_cppc_0009697.pdb,Warning,Caution,Warning
00376_r1feb2024_0016710.pdb,Good,Caution,Good
00402_r1feb2024_0042516.pdb,Good,Warning,Good
00408_r1feb2024_0048566.pdb,Good,Caution,Good
00388_r1feb2024_0028825.pdb,Good,Caution,Good
00050_cpr7p_0036512.pdb,Warning,Good,Caution
00409_r1feb2024_0049413.pdb,Good,Warning,Good
00001_cppc_0000195.pdb,Warning,Good,Warning
00344_dnfs_0293692.pdb,Warning,Warning,Warning
00352_dnfs_0301708.pdb,Warning,Warning,Warning
00045_cpr7p_0031165.pdb,Warning,Good,Warning
00370_r1feb2024_0011116.pdb,Good,Warning,Good
00371_r1feb2024_0011198.pdb,Good,Caution,Good
00166_dnfs_0115519.pdb,Warning,Warning,Warning
00043_cpr7p_0029232.pdb,Warning,Good,Caution
00014_cpr7p_0000224.pdb,Warning,Good,Warning
00357_okr6d_0000085.pdb,Caution,Warning,Warning
00021_cpr7p_0007329.pdb,Warning,Good,Warning
00360_r1feb2024_0000333.pdb,Good,Caution,Good
00388_r1feb2024_0028467.pdb,Good,Caution,Good
00425_r1feb2024_0065759.pdb,Good,Caution,Good
00401_r1feb2024_0041512.pdb,Good,Caution,Good
00367_r1feb2024_0007790.pdb,Good,Caution,Good
00010_cppc_0009155.pdb,Warning,Good,Warning
00038_cpr7p_0023618.pdb,Warning,Caution,Warning
00032_cpr7p_0017571.pdb,Warning,Good,Warning
00003_cppc_0002546.pdb,Warning,Good,Warning
00359_r1feb2024_0000135.pdb,Good,Caution,Good
00047_cpr7p_0032782.pdb,Warning,Good,Warning
00010_cppc_0009650.pdb,Warning,Good,Caution
00389_r1feb2024_0029819.pdb,Good,Caution,Good
00387_r1feb2024_0027749.pdb,Good,Caution,Good
00038_cpr7p_0023813.pdb,Warning,Caution,Warning
00030_cpr7p_0016096.pdb,Warning,Good,Warning
00369_r1feb2024_0009811.pdb,Good,Caution,Good
00046_cpr7p_0032415.pdb,Warning,Good,Good
00013_cppc_0012027.pdb,Warning,Good,Caution
00380_r1feb2024_0020326.pdb,Good,Caution,Good
00388_r1feb2024_0028477.pdb,Good,Caution,Good
00387_r1feb2024_0028159.pdb,Good,Caution,Good
00016_cpr7p_0002463.pdb,Warning,Good,Warning
00402_r1feb2024_0042778.pdb,Good,Caution,Good
00418_r1feb2024_0059156.pdb,Good,Caution,Good
00411_r1feb2024_0051326.pdb,Warning,Warning,Good
00013_cppc_0012291.pdb,Warning,Good,Warning
00014_cppc_0013418.pdb,Warning,Good,Warning
00413_r1feb2024_0053772.pdb,Good,Caution,Good
00371_r1feb2024_0011353.pdb,Warning,Warning,Good
00428_r1feb2024_0068635.pdb,Good,Caution,Good
00401_r1feb2024_0042092.pdb,Good,Caution,Good
00043_cpr7p_0029035.pdb,Warning,Caution,Warning
00400_r1feb2024_0041147.pdb,Good,Caution,Good
00418_r1feb2024_0058617.pdb,Good,Caution,Good
00386_r1feb2024_0026504.pdb,Good,Caution,Good
00418_r1feb2024_0058479.pdb,Good,Warning,Good
00032_cpr7p_0017973.pdb,Warning,Caution,Warning
00424_r1feb2024_0064417.pdb,Good,Caution,Good
00038_cpr7p_0023905.pdb,Warning,Good,Warning
00418_r1feb2024_0059115.pdb,Good,Caution,Good
00397_r1feb2024_0037598.pdb,Good,Caution,Good
00383_r1feb2024_0023372.pdb,Good,Caution,Good
00424_r1feb2024_0065042.pdb,Good,Caution,Good
00027_cpr7p_0012659.pdb,Warning,Good,Caution
00046_cpr7p_0031846.pdb,Warning,Good,Warning
00419_r1feb2024_0059971.pdb,Good,Caution,Good
00416_r1feb2024_0057078.pdb,Good,Caution,Good
00397_r1feb2024_0037325.pdb,Good,Caution,Good
00401_r1feb2024_0041291.pdb,Good,Caution,Good
00357_okr6d_0000069.pdb,Caution,Warning,Warning
00032_cpr7p_0018216.pdb,Warning,Good,Warning
00012_cppc_0011855.pdb,Warning,Good,Warning
00418_r1feb2024_0058599.pdb,Good,Warning,Good
00011_cppc_0010617.pdb,Warning,Good,Warning
00020_cpr7p_0005578.pdb,Warning,Good,Warning
00028_cpr7p_0014560.pdb,Warning,Good,Caution
00418_r1feb2024_0058566.pdb,Good,Caution,Good
00001_cppc_0000780.pdb,Warning,Good,Warning
00286_dnfs_0235102.pdb,Warning,Warning,Warning
00386_r1feb2024_0026392.pdb,Good,Caution,Good
00376_r1feb2024_0016935.pdb,Good,Caution,Good
00415_r1feb2024_0056124.pdb,Warning,Warning,Good
00048_cpr7p_0034191.pdb,Warning,Caution,Warning
00401_r1feb2024_0041947.pdb,Good,Caution,Good
00419_r1feb2024_0059288.pdb,Caution,Warning,Good
00026_cpr7p_0011762.pdb,Warning,Caution,Warning
00418_r1feb2024_0058308.pdb,Good,Caution,Good
00367_r1feb2024_0007517.pdb,Good,Caution,Good
00401_r1feb2024_0041281.pdb,Good,Caution,Good
00068_dnfs_0017631.pdb,Warning,Warning,Warning
00015_cpr7p_0000730.pdb,Warning,Good,Warning
00045_cpr7p_0030758.pdb,Warning,Caution,Warning
00380_r1feb2024_0020583.pdb,Good,Caution,Good
00391_r1feb2024_0031627.pdb,Good,Caution,Good
00401_r1feb2024_0041713.pdb,Good,Caution,Good
00021_cpr7p_0006610.pdb,Warning,Good,Warning
00369_r1feb2024_0009228.pdb,Warning,Warning,Caution
00429_r1feb2024_0069520.pdb,Good,Caution,Good
00417_r1feb2024_0057656.pdb,Good,Caution,Good
00380_r1feb2024_0020678.pdb,Good,Caution,Good
00424_r1feb2024_0064701.pdb,Good,Warning,Good
00207_dnfs_0156425.pdb,Warning,Warning,Warning
00050_cpr7p_0036085.pdb,Warning,Good,Warning
00372_r1feb2024_0013047.pdb,Good,Caution,Good
00380_r1feb2024_0020893.pdb,Good,Caution,Good
00046_cpr7p_0032205.pdb,Warning,Good,Caution
00418_r1feb2024_0058540.pdb,Good,Caution,Good
00196_dnfs_0145661.pdb,Warning,Warning,Warning
00102_dnfs_0050977.pdb,Warning,Warning,Warning
00007_cppc_0006774.pdb,Warning,Good,Warning
00396_r1feb2024_0036808.pdb,Good,Caution,Good
00418_r1feb2024_0058753.pdb,Good,Caution,Good
00418_r1feb2024_0058831.pdb,Good,Caution,Good
00435_r1feb2024_0075733.pdb,Good,Caution,Good
00380_r1feb2024_0020971.pdb,Good,Caution,Good
00365_r1feb2024_0005520.pdb,Good,Caution,Good
00411_r1feb2024_0051988.pdb,Good,Warning,Good
00004_cppc_0003518.pdb,Warning,Caution,Caution
00380_r1feb2024_0020571.pdb,Good,Caution,Good
00418_r1feb2024_0058825.pdb,Good,Caution,Good
00021_cpr7p_0007376.pdb,Warning,Good,Warning
00031_cpr7p_0016592.pdb,Warning,Caution,Caution
00014_cpr7p_0000117.pdb,Warning,Good,Warning
00401_r1feb2024_0041330.pdb,Good,Warning,Good
00043_cpr7p_0029031.pdb,Warning,Caution,Caution
00371_r1feb2024_0012079.pdb,Good,Caution,Good
00389_r1feb2024_0029271.pdb,Good,Caution,Good
00379_r1feb2024_0020071.pdb,Good,Caution,Good
00418_r1feb2024_0058687.pdb,Good,Caution,Good
00393_r1feb2024_0033229.pdb,Good,Warning,Good
00003_cppc_0002247.pdb,Warning,Good,Caution
00418_r1feb2024_0058770.pdb,Good,Caution,Good
00370_r1feb2024_0011120.pdb,Good,Caution,Good
00386_r1feb2024_0027095.pdb,Good,Caution,Good
00022_cpr7p_0008261.pdb,Warning,Good,Warning
00040_cpr7p_0026162.pdb,Warning,Good,Good
00397_r1feb2024_0038103.pdb,Good,Caution,Good
00392_r1feb2024_0033092.pdb,Good,Caution,Good
00380_r1feb2024_0020249.pdb,Good,Caution,Good
00371_r1feb2024_0011838.pdb,Good,Caution,Good
00369_r1feb2024_0010001.pdb,Good,Caution,Good
00409_r1feb2024_0049181.pdb,Good,Caution,Good
00035_cpr7p_0020998.pdb,Warning,Good,Warning
00418_r1feb2024_0058611.pdb,Good,Caution,Good
00358_okr6d_0000643.pdb,Warning,Warning,Warning
00368_r1feb2024_0009052.pdb,Good,Caution,Good
00013_cppc_0012923.pdb,Warning,Good,Warning
00406_r1feb2024_0046814.pdb,Good,Caution,Good
00418_r1feb2024_0058589.pdb,Good,Caution,Good
00362_r1feb2024_0002645.pdb,Good,Caution,Good
00095_dnfs_0044177.pdb,Warning,Warning,Warning
00002_cppc_0001878.pdb,Warning,Good,Caution
00001_cppc_0000214.pdb,Warning,Good,Warning
00413_r1feb2024_0053402.pdb,Warning,Warning,Caution
00414_r1feb2024_0054945.pdb,Good,Warning,Good
00002_cppc_0001389.pdb,Warning,Good,Warning
00379_r1feb2024_0020058.pdb,Good,Caution,Good
00401_r1feb2024_0041823.pdb,Good,Caution,Good
00422_r1feb2024_0062462.pdb,Good,Caution,Good
00418_r1feb2024_0058941.pdb,Good,Caution,Good
00404_r1feb2024_0044882.pdb,Good,Caution,Good
00374_r1feb2024_0014742.pdb,Good,Caution,Good
00392_r1feb2024_0033168.pdb,Warning,Warning,Good
00358_okr6d_0000658.pdb,Warning,Warning,Warning
00011_cppc_0010497.pdb,Warning,Good,Warning
00034_cpr7p_0020239.pdb,Warning,Caution,Caution
00418_r1feb2024_0058437.pdb,Good,Warning,Good
00391_r1feb2024_0031890.pdb,Good,Caution,Good
00418_r1feb2024_0058908.pdb,Good,Warning,Good
00357_okr6d_0000144.pdb,Caution,Warning,Warning
00186_dnfs_0135226.pdb,Warning,Warning,Warning
00385_r1feb2024_0025534.pdb,Good,Caution,Good
00016_cpr7p_0001989.pdb,Warning,Good,Warning
00387_r1feb2024_0028126.pdb,Good,Caution,Good
00026_cpr7p_0012121.pdb,Warning,Good,Warning
00371_r1feb2024_0011394.pdb,Good,Caution,Good
00409_r1feb2024_0049500.pdb,Good,Caution,Good
00380_r1feb2024_0020510.pdb,Good,Caution,Good
00368_r1feb2024_0008916.pdb,Good,Caution,Good
00379_r1feb2024_0019919.pdb,Good,Caution,Good
00380_r1feb2024_0020661.pdb,Good,Caution,Good
00384_r1feb2024_0024382.pdb,Good,Caution,Good
00038_cpr7p_0023773.pdb,Warning,Caution,Caution
00418_r1feb2024_0058571.pdb,Good,Caution,Good
00364_r1feb2024_0005055.pdb,Good,Caution,Good
00050_cpr7p_0035932.pdb,Warning,Good,Warning
00001_cppc_0000995.pdb,Warning,Good,Warning
00008_cppc_0007613.pdb,Warning,Caution,Warning
00419_r1feb2024_0059912.pdb,Good,Caution,Good
00404_r1feb2024_0044374.pdb,Good,Warning,Good
00371_r1feb2024_0011669.pdb,Good,Warning,Good
00401_r1feb2024_0041598.pdb,Good,Caution,Good
00008_cppc_0007328.pdb,Warning,Good,Warning
00402_r1feb2024_0042377.pdb,Good,Warning,Good
00416_r1feb2024_0056904.pdb,Caution,Caution,Good
00050_cpr7p_0035914.pdb,Warning,Good,Warning
00419_r1feb2024_0059901.pdb,Good,Caution,Good
00006_cppc_0005596.pdb,Warning,Good,Warning
00425_r1feb2024_0065315.pdb,Good,Caution,Good
00418_r1feb2024_0058689.pdb,Good,Caution,Good
00402_r1feb2024_0042661.pdb,Good,Caution,Good
00028_cpr7p_0013819.pdb,Warning,Good,Warning
00370_r1feb2024_0010761.pdb,Good,Caution,Good
00395_r1feb2024_0035230.pdb,Good,Caution,Good
00032_cpr7p_0018455.pdb,Warning,Caution,Warning
00219_dnfs_0168369.pdb,Warning,Warning,Warning
00012_cppc_0011598.pdb,Warning,Caution,Warning
00417_r1feb2024_0058107.pdb,Good,Caution,Good
00418_r1feb2024_0058541.pdb,Good,Warning,Good
00421_r1feb2024_0061781.pdb,Good,Caution,Good
00035_cpr7p_0020718.pdb,Warning,Caution,Warning
00374_r1feb2024_0014303.pdb,Good,Caution,Good
00422_r1feb2024_0062986.pdb,Good,Caution,Good
00401_r1feb2024_0041359.pdb,Good,Caution,Good
00013_cppc_0012336.pdb,Warning,Good,Warning
00039_cpr7p_0025073.pdb,Warning,Good,Warning
00400_r1feb2024_0040289.pdb,Good,Caution,Good
00365_r1feb2024_0005881.pdb,Good,Caution,Good
00357_okr6d_0000451.pdb,Warning,Warning,Warning
00030_cpr7p_0015702.pdb,Warning,Good,Caution
00002_cppc_0001918.pdb,Warning,Good,Warning
00395_r1feb2024_0035478.pdb,Good,Caution,Good
00361_r1feb2024_0001417.pdb,Good,Warning,Good
00400_r1feb2024_0040502.pdb,Good,Caution,Good
00357_okr6d_0000398.pdb,Warning,Warning,Warning
00365_r1feb2024_0005241.pdb,Good,Caution,Good
00370_r1feb2024_0010412.pdb,Good,Caution,Good
00048_cpr7p_0034435.pdb,Warning,Good,Good
00382_r1feb2024_0022241.pdb,Good,Caution,Good
00392_r1feb2024_0033031.pdb,Good,Caution,Good
00366_r1feb2024_0006484.pdb,Good,Warning,Good
00036_cpr7p_0022004.pdb,Warning,Good,Warning
00428_r1feb2024_0068307.pdb,Good,Caution,Good
00400_r1feb2024_0040769.pdb,Good,Caution,Good
00388_r1feb2024_0028353.pdb,Good,Caution,Good
00373_r1feb2024_0014019.pdb,Good,Caution,Good
00027_cpr7p_0013033.pdb,Warning,Good,Warning
00238_dnfs_0187091.pdb,Warning,Warning,Warning
00418_r1feb2024_0058255.pdb,Good,Warning,Good
00401_r1feb2024_0041388.pdb,Good,Caution,Good
00418_r1feb2024_0058262.pdb,Good,Caution,Good
00419_r1feb2024_0060004.pdb,Good,Caution,Good
00418_r1feb2024_0058375.pdb,Good,Warning,Good
00412_r1feb2024_0052684.pdb,Good,Caution,Good
00386_r1feb2024_0026290.pdb,Good,Caution,Good
00386_r1feb2024_0026253.pdb,Good,Caution,Good
00417_r1feb2024_0057728.pdb,Good,Caution,Good
00038_cpr7p_0024409.pdb,Warning,Caution,Caution
00395_r1feb2024_0035317.pdb,Good,Caution,Good
00404_r1feb2024_0044659.pdb,Good,Caution,Good
00043_cpr7p_0028961.pdb,Warning,Good,Warning
00039_cpr7p_0024982.pdb,Warning,Caution,Caution
00418_r1feb2024_0058513.pdb,Good,Caution,Good
00239_dnfs_0188276.pdb,Warning,Warning,Warning
00389_r1feb2024_0029249.pdb,Good,Warning,Good
00416_r1feb2024_0056476.pdb,Good,Caution,Good
00396_r1feb2024_0037120.pdb,Good,Caution,Good
00024_cpr7p_0009647.pdb,Warning,Caution,Warning
00417_r1feb2024_0058033.pdb,Good,Caution,Good
00418_r1feb2024_0058948.pdb,Good,Caution,Good
00401_r1feb2024_0041917.pdb,Good,Caution,Good
00370_r1feb2024_0010260.pdb,Good,Caution,Good
00035_cpr7p_0021009.pdb,Warning,Good,Caution
00387_r1feb2024_0027504.pdb,Good,Caution,Good
00412_r1feb2024_0052759.pdb,Good,Caution,Good
00418_r1feb2024_0058351.pdb,Good,Caution,Good
00418_r1feb2024_0058215.pdb,Good,Caution,Good
00388_r1feb2024_0028506.pdb,Good,Caution,Good
00418_r1feb2024_0058927.pdb,Good,Warning,Good
00402_r1feb2024_0043033.pdb,Good,Caution,Good
00370_r1feb2024_0010432.pdb,Good,Caution,Good
00425_r1feb2024_0065812.pdb,Good,Caution,Good
00114_dnfs_0063496.pdb,Warning,Warning,Warning
00395_r1feb2024_0035226.pdb,Good,Caution,Good
00019_cpr7p_0005171.pdb,Warning,Caution,Warning
00401_r1feb2024_0041763.pdb,Good,Caution,Good
00371_r1feb2024_0011873.pdb,Good,Caution,Good
00036_cpr7p_0022436.pdb,Warning,Good,Caution
00398_r1feb2024_0038492.pdb,Good,Caution,Good
00014_cppc_0013124.pdb,Warning,Good,Warning
00421_r1feb2024_0061815.pdb,Good,Warning,Good
00410_r1feb2024_0050272.pdb,Good,Caution,Good
00025_cpr7p_0011106.pdb,Warning,Good,Caution
00012_cppc_0011007.pdb,Warning,Good,Warning
00400_r1feb2024_0040531.pdb,Warning,Warning,Good
00400_r1feb2024_0041143.pdb,Good,Caution,Good
00392_r1feb2024_0033165.pdb,Good,Warning,Good
00365_r1feb2024_0005506.pdb,Good,Caution,Good
00031_cpr7p_0017172.pdb,Warning,Good,Warning
00366_r1feb2024_0006951.pdb,Good,Caution,Good
00016_cpr7p_0001673.pdb,Warning,Good,Warning
00004_cppc_0003392.pdb,Warning,Caution,Warning
00388_r1feb2024_0028435.pdb,Good,Caution,Good
00004_cppc_0003348.pdb,Warning,Good,Warning
00045_cpr7p_0031173.pdb,Warning,Good,Warning
00371_r1feb2024_0011264.pdb,Good,Caution,Good
00418_r1feb2024_0058832.pdb,Good,Warning,Good
00357_okr6d_0000458.pdb,Warning,Warning,Warning
00050_cpr7p_0036067.pdb,Warning,Good,Warning
00418_r1feb2024_0059150.pdb,Good,Caution,Good
00397_r1feb2024_0037959.pdb,Good,Caution,Good
00419_r1feb2024_0059876.pdb,Good,Caution,Good
00015_cpr7p_0000939.pdb,Warning,Caution,Warning
00388_r1feb2024_0028228.pdb,Warning,Warning,Good
00418_r1feb2024_0058632.pdb,Good,Caution,Good
00419_r1feb2024_0059523.pdb,Good,Caution,Good
00007_cppc_0006941.pdb,Warning,Good,Caution
00001_cppc_0000100.pdb,Warning,Good,Warning
00043_cpr7p_0028998.pdb,Warning,Good,Warning
00394_r1feb2024_0034390.pdb,Good,Caution,Good
00357_okr6d_0000092.pdb,Caution,Warning,Warning
00366_r1feb2024_0006256.pdb,Good,Caution,Good
00025_cpr7p_0011077.pdb,Warning,Good,Warning
00026_cpr7p_0011960.pdb,Warning,Caution,Warning
00020_cpr7p_0006168.pdb,Warning,Good,Warning
00046_cpr7p_0032098.pdb,Warning,Good,Warning
00022_cpr7p_0008123.pdb,Warning,Good,Warning
00418_r1feb2024_0058337.pdb,Good,Caution,Good
00403_r1feb2024_0043993.pdb,Good,Caution,Good
00419_r1feb2024_0059993.pdb,Good,Caution,Good
00246_dnfs_0195020.pdb,Warning,Warning,Warning
00371_r1feb2024_0011521.pdb,Good,Caution,Good
00040_cpr7p_0025743.pdb,Warning,Good,Warning
00416_r1feb2024_0056547.pdb,Warning,Caution,Caution
00418_r1feb2024_0059147.pdb,Good,Caution,Good
00380_r1feb2024_0020554.pdb,Good,Caution,Good
00386_r1feb2024_0026431.pdb,Good,Caution,Good
00018_cpr7p_0003622.pdb,Warning,Good,Warning
00401_r1feb2024_0041501.pdb,Good,Caution,Good
00419_r1feb2024_0059410.pdb,Good,Caution,Good
00018_cpr7p_0004438.pdb,Warning,Caution,Warning
00366_r1feb2024_0006228.pdb,Good,Caution,Good
00029_cpr7p_0014741.pdb,Warning,Good,Warning
00429_r1feb2024_0069704.pdb,Good,Caution,Good
00418_r1feb2024_0058561.pdb,Good,Caution,Good
00043_cpr7p_0028911.pdb,Warning,Good,Warning
00395_r1feb2024_0035368.pdb,Good,Caution,Good
00006_cppc_0005978.pdb,Warning,Good,Warning
00425_r1feb2024_0065761.pdb,Good,Warning,Good
00002_cppc_0001295.pdb,Warning,Good,Warning
00418_r1feb2024_0058425.pdb,Good,Warning,Good
00032_cpr7p_0017957.pdb,Warning,Good,Warning
00403_r1feb2024_0043932.pdb,Good,Caution,Good
00418_r1feb2024_0058310.pdb,Good,Caution,Good
00357_okr6d_0000041.pdb,Caution,Warning,Warning
00005_cppc_0004760.pdb,Warning,Good,Warning
00039_cpr7p_0024734.pdb,Warning,Good,Warning
00382_r1feb2024_0022199.pdb,Good,Caution,Good
00028_cpr7p_0014035.pdb,Warning,Good,Warning
00022_cpr7p_0007790.pdb,Warning,Good,Warning
00050_cpr7p_0036246.pdb,Warning,Caution,Warning
00419_r1feb2024_0059737.pdb,Good,Caution,Good
00388_r1feb2024_0028746.pdb,Good,Caution,Good
00412_r1feb2024_0052258.pdb,Warning,Warning,Good
00370_r1feb2024_0010502.pdb,Good,Caution,Good
00404_r1feb2024_0044350.pdb,Good,Caution,Good
00421_r1feb2024_0061575.pdb,Good,Caution,Good
00419_r1feb2024_0059395.pdb,Good,Caution,Good
00403_r1feb2024_0043362.pdb,Good,Caution,Good
00421_r1feb2024_0061720.pdb,Good,Caution,Good
00366_r1feb2024_0006483.pdb,Good,Caution,Good
00042_cpr7p_0028350.pdb,Warning,Good,Warning
00423_r1feb2024_0064127.pdb,Warning,Warning,Good
00397_r1feb2024_0037950.pdb,Good,Caution,Good
00419_r1feb2024_0059832.pdb,Good,Caution,Good
00388_r1feb2024_0028728.pdb,Good,Caution,Good
00416_r1feb2024_0056671.pdb,Good,Caution,Good
00039_cpr7p_0024659.pdb,Warning,Good,Warning
00403_r1feb2024_0043954.pdb,Good,Caution,Good
00385_r1feb2024_0025877.pdb,Good,Caution,Good
00421_r1feb2024_0062042.pdb,Good,Caution,Good
00019_cpr7p_0004999.pdb,Warning,Good,Warning
00388_r1feb2024_0028293.pdb,Good,Caution,Good
00418_r1feb2024_0058368.pdb,Good,Caution,Good
00370_r1feb2024_0010834.pdb,Good,Caution,Good
00371_r1feb2024_0011243.pdb,Good,Caution,Good
00364_r1feb2024_0005073.pdb,Good,Warning,Good
00107_dnfs_0056803.pdb,Warning,Warning,Warning
00357_okr6d_0000047.pdb,Caution,Warning,Warning
00349_dnfs_0298557.pdb,Warning,Warning,Warning
00412_r1feb2024_0052940.pdb,Good,Caution,Good
00024_cpr7p_0009632.pdb,Warning,Caution,Warning
00409_r1feb2024_0049819.pdb,Good,Caution,Good
00367_r1feb2024_0007413.pdb,Good,Caution,Good
00015_cpr7p_0000693.pdb,Warning,Good,Warning
00388_r1feb2024_0029154.pdb,Good,Caution,Good
00418_r1feb2024_0058428.pdb,Good,Caution,Good
00425_r1feb2024_0065642.pdb,Good,Caution,Good
00037_cpr7p_0023529.pdb,Warning,Caution,Warning
00402_r1feb2024_0042616.pdb,Good,Caution,Good
00419_r1feb2024_0059769.pdb,Good,Caution,Good
00397_r1feb2024_0037813.pdb,Good,Caution,Good
00389_r1feb2024_0029352.pdb,Good,Caution,Good
00168_dnfs_0117709.pdb,Warning,Warning,Warning
00412_r1feb2024_0052789.pdb,Warning,Warning,Good
00365_r1feb2024_0005484.pdb,Good,Caution,Good
00395_r1feb2024_0035439.pdb,Good,Caution,Good
00025_cpr7p_0011489.pdb,Warning,Caution,Warning
00015_cpr7p_0000871.pdb,Warning,Good,Warning
00397_r1feb2024_0038039.pdb,Good,Caution,Good
00398_r1feb2024_0038591.pdb,Good,Caution,Good
00418_r1feb2024_0058985.pdb,Good,Caution,Good
00037_cpr7p_0023547.pdb,Warning,Caution,Warning
00358_okr6d_0000637.pdb,Warning,Warning,Warning
00361_r1feb2024_0002119.pdb,Good,Warning,Good
00397_r1feb2024_0037937.pdb,Good,Caution,Good
00418_r1feb2024_0059003.pdb,Good,Caution,Good
00418_r1feb2024_0058742.pdb,Good,Warning,Good
00383_r1feb2024_0023853.pdb,Good,Caution,Good
00418_r1feb2024_0058731.pdb,Good,Caution,Good
00398_r1feb2024_0038340.pdb,Good,Caution,Good
00357_okr6d_0000490.pdb,Warning,Warning,Warning
00369_r1feb2024_0010031.pdb,Warning,Warning,Caution
00425_r1feb2024_0065337.pdb,Good,Caution,Good
00379_r1feb2024_0020145.pdb,Good,Warning,Good
00417_r1feb2024_0058167.pdb,Good,Caution,Good
00030_cpr7p_0016149.pdb,Warning,Good,Warning
00036_cpr7p_0022013.pdb,Warning,Good,Warning
00032_cpr7p_0017773.pdb,Warning,Good,Warning
00397_r1feb2024_0037314.pdb,Good,Caution,Good
00041_cpr7p_0027342.pdb,Warning,Caution,Warning
00362_r1feb2024_0002742.pdb,Good,Caution,Good
00405_r1feb2024_0046065.pdb,Good,Caution,Good
00388_r1feb2024_0028393.pdb,Good,Warning,Good
00419_r1feb2024_0059777.pdb,Good,Caution,Good
00380_r1feb2024_0020832.pdb,Good,Caution,Good
00028_cpr7p_0013732.pdb,Warning,Good,Warning
00357_okr6d_0000355.pdb,Warning,Warning,Warning
00369_r1feb2024_0010017.pdb,Good,Caution,Good
00419_r1feb2024_0059396.pdb,Good,Caution,Good
00400_r1feb2024_0040338.pdb,Good,Caution,Good
00424_r1feb2024_0064828.pdb,Good,Caution,Good
00371_r1feb2024_0011956.pdb,Good,Caution,Good
00400_r1feb2024_0040284.pdb,Good,Caution,Good
00419_r1feb2024_0059720.pdb,Good,Caution,Good
00415_r1feb2024_0055903.pdb,Good,Caution,Good
00418_r1feb2024_0058242.pdb,Good,Caution,Good
00393_r1feb2024_0033919.pdb,Good,Caution,Good
00401_r1feb2024_0041364.pdb,Good,Caution,Good
00029_cpr7p_0015564.pdb,Warning,Good,Warning
00041_cpr7p_0027156.pdb,Warning,Good,Warning
00045_cpr7p_0030875.pdb,Warning,Good,Warning
00388_r1feb2024_0028720.pdb,Good,Caution,Good
00357_okr6d_0000366.pdb,Warning,Warning,Warning
00034_cpr7p_0020315.pdb,Warning,Good,Warning
00037_cpr7p_0023153.pdb,Warning,Good,Warning
00041_cpr7p_0027111.pdb,Warning,Good,Warning
00385_r1feb2024_0025809.pdb,Good,Caution,Good
00388_r1feb2024_0028972.pdb,Good,Warning,Good
00190_dnfs_0139220.pdb,Warning,Warning,Warning
00402_r1feb2024_0042360.pdb,Good,Caution,Good
00015_cpr7p_0000954.pdb,Warning,Good,Warning
00050_cpr7p_0036428.pdb,Warning,Caution,Warning
00094_dnfs_0043160.pdb,Warning,Warning,Warning
00421_r1feb2024_0061251.pdb,Good,Caution,Good
00393_r1feb2024_0033462.pdb,Good,Warning,Good
00021_cpr7p_0007526.pdb,Warning,Good,Caution
00412_r1feb2024_0052233.pdb,Good,Caution,Good
00418_r1feb2024_0058302.pdb,Good,Warning,Good
00046_cpr7p_0032004.pdb,Warning,Good,Warning
00395_r1feb2024_0035999.pdb,Good,Caution,Good
00045_cpr7p_0030924.pdb,Warning,Good,Warning
00418_r1feb2024_0058786.pdb,Good,Warning,Good
00437_r1feb2024_0077226.pdb,Good,Caution,Good
00020_cpr7p_0006115.pdb,Warning,Good,Warning
00401_r1feb2024_0042017.pdb,Good,Caution,Good
00370_r1feb2024_0010370.pdb,Good,Caution,Good
00378_r1feb2024_0018801.pdb,Good,Caution,Good
00021_cpr7p_0007438.pdb,Warning,Good,Warning
00402_r1feb2024_0042303.pdb,Good,Caution,Good
00419_r1feb2024_0059225.pdb,Good,Caution,Good
00387_r1feb2024_0028170.pdb,Good,Caution,Good
00371_r1feb2024_0011970.pdb,Good,Caution,Good
00022_cpr7p_0007711.pdb,Warning,Good,Warning
00417_r1feb2024_0058064.pdb,Good,Caution,Good
00416_r1feb2024_0056196.pdb,Good,Caution,Good
00370_r1feb2024_0010342.pdb,Good,Caution,Good
00419_r1feb2024_0059208.pdb,Good,Caution,Good
00434_r1feb2024_0074700.pdb,Good,Warning,Good
00388_r1feb2024_0028664.pdb,Good,Caution,Good
00358_okr6d_0000581.pdb,Warning,Warning,Warning
00400_r1feb2024_0040609.pdb,Good,Caution,Good
00015_cpr7p_0001532.pdb,Warning,Good,Warning
00422_r1feb2024_0062490.pdb,Good,Caution,Good
00388_r1feb2024_0028534.pdb,Good,Caution,Good
00402_r1feb2024_0042637.pdb,Good,Caution,Good
00401_r1feb2024_0041792.pdb,Good,Caution,Good
00418_r1feb2024_0058633.pdb,Good,Warning,Good
00358_okr6d_0000617.pdb,Warning,Warning,Warning
00374_r1feb2024_0014666.pdb,Good,Caution,Good
00049_cpr7p_0035256.pdb,Warning,Caution,Caution
00400_r1feb2024_0040802.pdb,Good,Caution,Good
00371_r1feb2024_0011646.pdb,Good,Caution,Good
00358_okr6d_0000645.pdb,Warning,Warning,Warning
00417_r1feb2024_0058020.pdb,Good,Caution,Good
00035_cpr7p_0020865.pdb,Warning,Good,Warning
00401_r1feb2024_0041499.pdb,Good,Caution,Good
00418_r1feb2024_0058885.pdb,Good,Caution,Good
00358_okr6d_0000652.pdb,Warning,Warning,Warning
00401_r1feb2024_0041182.pdb,Good,Caution,Good
00358_okr6d_0000632.pdb,Warning,Warning,Warning
00005_cppc_0004283.pdb,Warning,Good,Warning
00358_okr6d_0000517.pdb,Warning,Warning,Warning
00038_cpr7p_0024091.pdb,Warning,Good,Warning
00367_r1feb2024_0007430.pdb,Good,Caution,Good
00031_cpr7p_0016688.pdb,Warning,Good,Warning
00403_r1feb2024_0043975.pdb,Good,Caution,Good
00382_r1feb2024_0022956.pdb,Good,Caution,Good
00411_r1feb2024_0052015.pdb,Good,Caution,Good
00407_r1feb2024_0047885.pdb,Good,Caution,Good
00380_r1feb2024_0020390.pdb,Good,Caution,Good
00419_r1feb2024_0059934.pdb,Good,Caution,Good
00418_r1feb2024_0058772.pdb,Good,Caution,Good
00048_cpr7p_0033980.pdb,Warning,Good,Warning
00018_cpr7p_0003639.pdb,Warning,Caution,Warning
00427_r1feb2024_0068109.pdb,Good,Warning,Good
00120_dnfs_0069101.pdb,Warning,Warning,Warning
00007_cppc_0006569.pdb,Warning,Good,Warning
00387_r1feb2024_0028083.pdb,Good,Warning,Good
00367_r1feb2024_0007494.pdb,Good,Caution,Good
00010_cppc_0009632.pdb,Warning,Good,Warning
00373_r1feb2024_0013829.pdb,Good,Caution,Good
00008_cppc_0007989.pdb,Warning,Good,Warning
00418_r1feb2024_0058553.pdb,Good,Caution,Good
00387_r1feb2024_0028064.pdb,Good,Caution,Good
00011_cppc_0010421.pdb,Warning,Good,Warning
00404_r1feb2024_0044682.pdb,Good,Warning,Good
00027_cpr7p_0012941.pdb,Warning,Good,Warning
00129_dnfs_0078753.pdb,Warning,Warning,Warning
00046_cpr7p_0032497.pdb,Warning,Good,Warning
00021_cpr7p_0007162.pdb,Warning,Good,Good
00025_cpr7p_0011103.pdb,Warning,Caution,Warning
00016_cpr7p_0002133.pdb,Warning,Good,Caution
00405_r1feb2024_0045815.pdb,Good,Caution,Good
00002_cppc_0001137.pdb,Warning,Good,Warning
00001_cppc_0000402.pdb,Warning,Good,Warning
00021_cpr7p_0006882.pdb,Warning,Good,Warning
00401_r1feb2024_0041815.pdb,Good,Caution,Good
00002_cppc_0001833.pdb,Warning,Good,Warning
00388_r1feb2024_0028210.pdb,Good,Caution,Good
00370_r1feb2024_0011172.pdb,Good,Warning,Good
00417_r1feb2024_0057368.pdb,Good,Caution,Good
00007_cppc_0006952.pdb,Warning,Good,Warning
00155_dnfs_0104349.pdb,Warning,Warning,Warning
00417_r1feb2024_0058058.pdb,Good,Caution,Good
00005_cppc_0004256.pdb,Warning,Caution,Warning
00418_r1feb2024_0058386.pdb,Good,Caution,Good
00422_r1feb2024_0062632.pdb,Good,Caution,Good
00386_r1feb2024_0026928.pdb,Good,Caution,Good
00400_r1feb2024_0040606.pdb,Good,Caution,Good
00393_r1feb2024_0034133.pdb,Good,Caution,Good
00403_r1feb2024_0043812.pdb,Good,Caution,Good
00014_cppc_0013050.pdb,Warning,Good,Warning
00417_r1feb2024_0058083.pdb,Good,Warning,Good
00359_r1feb2024_0000097.pdb,Good,Caution,Good
00418_r1feb2024_0058434.pdb,Good,Caution,Good
00402_r1feb2024_0043022.pdb,Good,Warning,Good
00399_r1feb2024_0040116.pdb,Good,Caution,Good
00044_cpr7p_0030395.pdb,Warning,Good,Warning
00389_r1feb2024_0029310.pdb,Good,Caution,Good
00403_r1feb2024_0043904.pdb,Good,Caution,Good
00371_r1feb2024_0011738.pdb,Good,Caution,Good
00370_r1feb2024_0011104.pdb,Good,Caution,Good
00418_r1feb2024_0058955.pdb,Good,Caution,Good
